x,y
1749,58
1749.0833333333,62.6
1749.1666666667,70
1749.25,55.7
1749.3333333333,85
1749.4166666667,83.5
1749.5,94.8
1749.5833333333,66.3
1749.6666666667,75.9
1749.75,75.5
1749.8333333334,158.6
1749.9166666667,85.2
1750,73.3
1750.0833333334,75.9
1750.1666666667,89.2
1750.25,88.3
1750.3333333334,90
1750.4166666667,100
1750.5,85.4
1750.5833333334,103
1750.6666666667,91.2
1750.75,65.7
1750.8333333334,63.3
1750.9166666667,75.4
1751,70
1751.0833333334,43.5
1751.1666666667,45.3
1751.25,56.4
1751.3333333334,60.7
1751.4166666667,50.7
1751.5,66.3
1751.5833333334,59.8
1751.6666666667,23.5
1751.75,23.2
1751.8333333334,28.5
1751.9166666667,44
1752,35
1752.0833333334,50
1752.1666666667,71
1752.2500000001,59.3
1752.3333333334,59.7
1752.4166666667,39.6
1752.5000000001,78.4
1752.5833333334,29.3
1752.6666666667,27.1
1752.7500000001,46.6
1752.8333333334,37.6
1752.9166666667,40
1753.0000000001,44
1753.0833333334,32
1753.1666666667,45.7
1753.2500000001,38
1753.3333333334,36
1753.4166666667,31.7
1753.5000000001,22.2
1753.5833333334,39
1753.6666666667,28
1753.7500000001,25
1753.8333333334,20
1753.9166666667,6.7
1754.0000000001,0
1754.0833333334,3
1754.1666666667,1.7
1754.2500000001,13.7
1754.3333333334,20.7
1754.4166666667,26.7
1754.5000000001,18.8
1754.5833333334,12.3
1754.6666666668,8.2
1754.7500000001,24.1
1754.8333333334,13.2
1754.9166666668,4.2
1755.0000000001,10.2
1755.0833333334,11.2
1755.1666666668,6.8
1755.2500000001,6.5
1755.3333333334,0
1755.4166666668,0
1755.5000000001,8.6
1755.5833333334,3.2
1755.6666666668,17.8
1755.7500000001,23.7
1755.8333333334,6.8
1755.9166666668,20
1756.0000000001,12.5
1756.0833333334,7.1
1756.1666666668,5.4
1756.2500000001,9.4
1756.3333333334,12.5
1756.4166666668,12.9
1756.5000000001,3.6
1756.5833333334,6.4
1756.6666666668,11.8
1756.7500000001,14.3
1756.8333333334,17
1756.9166666668,9.4
1757.0000000001,14.1
1757.0833333335,21.2
1757.1666666668,26.2
1757.2500000001,30
1757.3333333335,38.1
1757.4166666668,12.8
1757.5000000001,25
1757.5833333335,51.3
1757.6666666668,39.7
1757.7500000001,32.5
1757.8333333335,64.7
1757.9166666668,33.5
1758.0000000001,37.6
1758.0833333335,52
1758.1666666668,49
1758.2500000001,72.3
1758.3333333335,46.4
1758.4166666668,45
1758.5000000001,44
1758.5833333335,38.7
1758.6666666668,62.5
1758.7500000001,37.7
1758.8333333335,43
1758.9166666668,43
1759.0000000001,48.3
1759.0833333335,44
1759.1666666668,46.8
1759.2500000002,47
1759.3333333335,49
1759.4166666668,50
1759.5000000002,51
1759.5833333335,71.3
1759.6666666668,77.2
1759.7500000002,59.7
1759.8333333335,46.3
1759.9166666668,57
1760.0000000002,67.3
1760.0833333335,59.5
1760.1666666668,74.7
1760.2500000002,58.3
1760.3333333335,72
1760.4166666668,48.3
1760.5000000002,66
1760.5833333335,75.6
1760.6666666668,61.3
1760.7500000002,50.6
1760.8333333335,59.7
1760.9166666668,61
1761.0000000002,70
1761.0833333335,91
1761.1666666668,80.7
1761.2500000002,71.7
1761.3333333335,107.2
1761.4166666668,99.3
1761.5000000002,94.1
1761.5833333335,91.1
1761.6666666669,100.7
1761.7500000002,88.7
1761.8333333335,89.7
1761.9166666669,46
1762.0000000002,43.8
1762.0833333335,72.8
1762.1666666669,45.7
1762.2500000002,60.2
1762.3333333335,39.9
1762.4166666669,77.1
1762.5000000002,33.8
1762.5833333335,67.7
1762.6666666669,68.5
1762.7500000002,69.3
1762.8333333335,77.8
1762.9166666669,77.2
1763.0000000002,56.5
1763.0833333335,31.9
1763.1666666669,34.2
1763.2500000002,32.9
1763.3333333335,32.7
1763.4166666669,35.8
1763.5000000002,54.2
1763.5833333335,26.5
1763.6666666669,68.1
1763.7500000002,46.3
1763.8333333335,60.9
1763.9166666669,61.4
1764.0000000002,59.7
1764.0833333336,59.7
1764.1666666669,40.2
1764.2500000002,34.4
1764.3333333336,44.3
1764.4166666669,30
1764.5000000002,30
1764.5833333336,30
1764.6666666669,28.2
1764.7500000002,28
1764.8333333336,26
1764.9166666669,25.7
1765.0000000002,24
1765.0833333336,26
1765.1666666669,25
1765.2500000002,22
1765.3333333336,20.2
1765.4166666669,20
1765.5000000002,27
1765.5833333336,29.7
1765.6666666669,16
1765.7500000002,14
1765.8333333336,14
1765.9166666669,13
1766.0000000002,12
1766.0833333336,11
1766.1666666669,36.6
1766.2500000002,6
1766.3333333336,26.8
1766.4166666669,3
1766.5000000003,3.3
1766.5833333336,4
1766.6666666669,4.3
1766.7500000003,5
1766.8333333336,5.7
1766.9166666669,19.2
1767.0000000003,27.4
1767.0833333336,30
1767.1666666669,43
1767.2500000003,32.9
1767.3333333336,29.8
1767.4166666669,33.3
1767.5000000003,21.9
1767.5833333336,40.8
1767.6666666669,42.7
1767.7500000003,44.1
1767.8333333336,54.7
1767.9166666669,53.3
1768.0000000003,53.5
1768.0833333336,66.1
1768.1666666669,46.3
1768.2500000003,42.7
1768.3333333336,77.7
1768.4166666669,77.4
1768.5000000003,52.6
1768.5833333336,66.8
1768.666666667,74.8
1768.7500000003,77.8
1768.8333333336,90.6
1768.916666667,111.8
1769.0000000003,73.9
1769.0833333336,64.2
1769.166666667,64.3
1769.2500000003,96.7
1769.3333333336,73.6
1769.416666667,94.4
1769.5000000003,118.6
1769.5833333336,120.3
1769.666666667,148.8
1769.7500000003,158.2
1769.8333333336,148.1
1769.916666667,112
1770.0000000003,104
1770.0833333336,142.5
1770.166666667,80.1
1770.2500000003,51
1770.3333333336,70.1
1770.416666667,83.3
1770.5000000003,109.8
1770.5833333336,126.3
1770.666666667,104.4
1770.7500000003,103.6
1770.8333333336,132.2
1770.916666667,102.3
1771.0000000003,36
1771.0833333337,46.2
1771.166666667,46.7
1771.2500000003,64.9
1771.3333333337,152.7
1771.416666667,119.5
1771.5000000003,67.7
1771.5833333337,58.5
1771.666666667,101.4
1771.7500000003,90
1771.8333333337,99.7
1771.916666667,95.7
1772.0000000003,100.9
1772.0833333337,90.8
1772.166666667,31.1
1772.2500000003,92.2
1772.3333333337,38
1772.416666667,57
1772.5000000003,77.3
1772.5833333337,56.2
1772.666666667,50.5
1772.7500000003,78.6
1772.8333333337,61.3
1772.916666667,64
1773.0000000003,54.6
1773.0833333337,29
1773.166666667,51.2
1773.2500000003,32.9
1773.3333333337,41.1
1773.416666667,28.4
1773.5000000004,27.7
1773.5833333337,12.7
1773.666666667,29.3
1773.7500000004,26.3
1773.8333333337,40.9
1773.916666667,43.2
1774.0000000004,46.8
1774.0833333337,65.4
1774.166666667,55.7
1774.2500000004,43.8
1774.3333333337,51.3
1774.416666667,28.5
1774.5000000004,17.5
1774.5833333337,6.6
1774.666666667,7.9
1774.7500000004,14
1774.8333333337,17.7
1774.916666667,12.2
1775.0000000004,4.4
1775.0833333337,0
1775.166666667,11.6
1775.2500000004,11.2
1775.3333333337,3.9
1775.416666667,12.3
1775.5000000004,1
1775.5833333337,7.9
1775.6666666671,3.2
1775.7500000004,5.6
1775.8333333337,15.1
1775.9166666671,7.9
1776.0000000004,21.7
1776.0833333337,11.6
1776.1666666671,6.3
1776.2500000004,21.8
1776.3333333337,11.2
1776.4166666671,19
1776.5000000004,1
1776.5833333337,24.2
1776.6666666671,16
1776.7500000004,30
1776.8333333337,35
1776.9166666671,40
1777.0000000004,45
1777.0833333337,36.5
1777.1666666671,39
1777.2500000004,95.5
1777.3333333337,80.3
1777.4166666671,80.7
1777.5000000004,95
1777.5833333337,112
1777.6666666671,116.2
1777.7500000004,106.5
1777.8333333337,146
1777.9166666671,157.3
1778.0000000004,177.3
1778.0833333338,109.3
1778.1666666671,134
1778.2500000004,145
1778.3333333338,238.9
1778.4166666671,171.6
1778.5000000004,153
1778.5833333338,140
1778.6666666671,171.7
1778.7500000004,156.3
1778.8333333338,150.3
1778.9166666671,105
1779.0000000004,114.7
1779.0833333338,165.7
1779.1666666671,118
1779.2500000004,145
1779.3333333338,140
1779.4166666671,113.7
1779.5000000004,143
1779.5833333338,112
1779.6666666671,111
1779.7500000004,124
1779.8333333338,114
1779.9166666671,110
1780.0000000004,70
1780.0833333338,98
1780.1666666671,98
1780.2500000004,95
1780.3333333338,107.2
1780.4166666671,88
1780.5000000005,86
1780.5833333338,86
1780.6666666671,93.7
1780.7500000005,77
1780.8333333338,60
1780.9166666671,58.7
1781.0000000005,98.7
1781.0833333338,74.7
1781.1666666671,53
1781.2500000005,68.3
1781.3333333338,104.7
1781.4166666671,97.7
1781.5000000005,73.5
1781.5833333338,66
1781.6666666671,51
1781.7500000005,27.3
1781.8333333338,67
1781.9166666671,35.2
1782.0000000005,54
1782.0833333338,37.5
1782.1666666671,37
1782.2500000005,41
1782.3333333338,54.3
1782.4166666671,38
1782.5000000005,37
1782.5833333338,44
1782.6666666671,34
1782.7500000005,23.2
1782.8333333338,31.5
1782.9166666672,30
1783.0000000005,28
1783.0833333338,38.7
1783.1666666672,26.7
1783.2500000005,28.3
1783.3333333338,23
1783.4166666672,25.2
1783.5000000005,32.2
1783.5833333338,20
1783.6666666672,18
1783.7500000005,8
1783.8333333338,15
1783.9166666672,10.5
1784.0000000005,13
1784.0833333338,8
1784.1666666672,11
1784.2500000005,10
1784.3333333338,6
1784.4166666672,9
1784.5000000005,6
1784.5833333338,10
1784.6666666672,10
1784.7500000005,8
1784.8333333338,17
1784.9166666672,14
1785.0000000005,6.5
1785.0833333339,8
1785.1666666672,9
1785.2500000005,15.7
1785.3333333339,20.7
1785.4166666672,26.3
1785.5000000005,36.3
1785.5833333339,20
1785.6666666672,32
1785.7500000005,47.2
1785.8333333339,40.2
1785.9166666672,27.3
1786.0000000005,37.2
1786.0833333339,47.6
1786.1666666672,47.7
1786.2500000005,85.4
1786.3333333339,92.3
1786.4166666672,59
1786.5000000005,83
1786.5833333339,89.7
1786.6666666672,111.5
1786.7500000005,112.3
1786.8333333339,116
1786.9166666672,112.7
1787.0000000005,134.7
1787.0833333339,106
1787.1666666672,87.4
1787.2500000005,127.2
1787.3333333339,134.8
1787.4166666672,99.2
1787.5000000006,128
1787.5833333339,137.2
1787.6666666672,157.3
1787.7500000006,157
1787.8333333339,141.5
1787.9166666672,174
1788.0000000006,138
1788.0833333339,129.2
1788.1666666672,143.3
1788.2500000006,108.5
1788.3333333339,113
1788.4166666672,154.2
1788.5000000006,141.5
1788.5833333339,136
1788.6666666672,141
1788.7500000006,142
1788.8333333339,94.7
1788.9166666672,129.5
1789.0000000006,114
1789.0833333339,125.3
1789.1666666672,120
1789.2500000006,123.3
1789.3333333339,123.5
1789.4166666672,120
1789.5000000006,117
1789.5833333339,103
1789.6666666672,112
1789.7500000006,89.7
1789.8333333339,134
1789.9166666673,135.5
1790.0000000006,103
1790.0833333339,127.5
1790.1666666673,96.3
1790.2500000006,94
1790.3333333339,93
1790.4166666673,91
1790.5000000006,69.3
1790.5833333339,87
1790.6666666673,77.3
1790.7500000006,84.3
1790.8333333339,82
1790.9166666673,74
1791.0000000006,72.7
1791.0833333339,62
1791.1666666673,74
1791.2500000006,77.2
1791.3333333339,73.7
1791.4166666673,64.2
1791.5000000006,71
1791.5833333339,43
1791.6666666673,66.5
1791.7500000006,61.7
1791.8333333339,67
1791.9166666673,66
1792.0000000006,58
1792.0833333339,64
1792.1666666673,63
1792.2500000006,75.7
1792.333333334,62
1792.4166666673,61
1792.5000000006,45.8
1792.583333334,60
1792.6666666673,59
1792.7500000006,59
1792.833333334,57
1792.9166666673,56
1793.0000000006,56
1793.083333334,55
1793.1666666673,55.5
1793.2500000006,53
1793.333333334,52.3
1793.4166666673,51
1793.5000000006,50
1793.583333334,29.3
1793.6666666673,24
1793.7500000006,47
1793.833333334,44
1793.9166666673,45.7
1794.0000000006,45
1794.083333334,44
1794.1666666673,38
1794.2500000006,28.4
1794.333333334,55.7
1794.4166666673,41.5
1794.5000000007,41
1794.583333334,40
1794.6666666673,11.1
1794.7500000007,28.5
1794.833333334,67.4
1794.9166666673,51.4
1795.0000000007,21.4
1795.083333334,39.9
1795.1666666673,12.6
1795.2500000007,18.6
1795.333333334,31
1795.4166666673,17.1
1795.5000000007,12.9
1795.583333334,25.7
1795.6666666673,13.5
1795.7500000007,19.5
1795.833333334,25
1795.9166666673,18
1796.0000000007,22
1796.083333334,23.8
1796.1666666673,15.7
1796.2500000007,31.7
1796.333333334,21
1796.4166666673,6.7
1796.5000000007,26.9
1796.583333334,1.5
1796.6666666673,18.4
1796.7500000007,11
1796.833333334,8.4
1796.9166666674,5.1
1797.0000000007,14.4
1797.083333334,4.2
1797.1666666674,4
1797.2500000007,4
1797.333333334,7.3
1797.4166666674,11.1
1797.5000000007,4.3
1797.583333334,6
1797.6666666674,5.7
1797.7500000007,6.9
1797.833333334,5.8
1797.9166666674,3
1798.0000000007,2
1798.083333334,4
1798.1666666674,12.4
1798.2500000007,1.1
1798.333333334,0
1798.4166666674,0
1798.5000000007,0
1798.583333334,3
1798.6666666674,2.4
1798.7500000007,1.5
1798.833333334,12.5
1798.9166666674,9.9
1799.0000000007,1.6
1799.083333334,12.6
1799.1666666674,21.7
1799.2500000007,8.4
1799.3333333341,8.2
1799.4166666674,10.6
1799.5000000007,2.1
1799.5833333341,0
1799.6666666674,0
1799.7500000007,4.6
1799.8333333341,2.7
1799.9166666674,8.6
1800.0000000007,6.9
1800.0833333341,9.3
1800.1666666674,13.9
1800.2500000007,0
1800.3333333341,5
1800.4166666674,23.7
1800.5000000007,21
1800.5833333341,19.5
1800.6666666674,11.5
1800.7500000007,12.3
1800.8333333341,10.5
1800.9166666674,40.1
1801.0000000007,27
1801.0833333341,29
1801.1666666674,30
1801.2500000007,31
1801.3333333341,32
1801.4166666674,31.2
1801.5000000007,35
1801.5833333341,38.7
1801.6666666674,33.5
1801.7500000008,32.6
1801.8333333341,39.8
1801.9166666674,48.2
1802.0000000008,47.8
1802.0833333341,47
1802.1666666674,40.8
1802.2500000008,42
1802.3333333341,44
1802.4166666674,46
1802.5000000008,48
1802.5833333341,50
1802.6666666674,51.8
1802.7500000008,38.5
1802.8333333341,34.5
1802.9166666674,50
1803.0000000008,50
1803.0833333341,50.8
1803.1666666674,29.5
1803.2500000008,25
1803.3333333341,44.3
1803.4166666674,36
1803.5000000008,48.3
1803.5833333341,34.1
1803.6666666674,45.3
1803.7500000008,54.3
1803.8333333341,51
1803.9166666675,48
1804.0000000008,45.3
1804.0833333341,48.3
1804.1666666675,48
1804.2500000008,50.6
1804.3333333341,33.4
1804.4166666675,34.8
1804.5000000008,29.8
1804.5833333341,43.1
1804.6666666675,53
1804.7500000008,62.3
1804.8333333341,61
1804.9166666675,60
1805.0000000008,61
1805.0833333341,44.1
1805.1666666675,51.4
1805.2500000008,37.5
1805.3333333341,39
1805.4166666675,40.5
1805.5000000008,37.6
1805.5833333341,42.7
1805.6666666675,44.4
1805.7500000008,29.4
1805.8333333341,41
1805.9166666675,38.3
1806.0000000008,39
1806.0833333341,29.6
1806.1666666675,32.7
1806.2500000008,27.7
1806.3333333342,26.4
1806.4166666675,25.6
1806.5000000008,30
1806.5833333342,26.3
1806.6666666675,24
1806.7500000008,27
1806.8333333342,25
1806.9166666675,24
1807.0000000008,12
1807.0833333342,12.2
1807.1666666675,9.6
1807.2500000008,23.8
1807.3333333342,10
1807.4166666675,12
1807.5000000008,12.7
1807.5833333342,12
1807.6666666675,5.7
1807.7500000008,8
1807.8333333342,2.6
1807.9166666675,0
1808.0000000008,0
1808.0833333342,4.5
1808.1666666675,0
1808.2500000008,12.3
1808.3333333342,13.5
1808.4166666675,13.5
1808.5000000008,6.7
1808.5833333342,8
1808.6666666675,11.7
1808.7500000009,4.7
1808.8333333342,10.5
1808.9166666675,12.3
1809.0000000009,7.2
1809.0833333342,9.2
1809.1666666675,0.9
1809.2500000009,2.5
1809.3333333342,2
1809.4166666675,7.7
1809.5000000009,0.3
1809.5833333342,0.2
1809.6666666675,0.4
1809.7500000009,0
1809.8333333342,0
1809.9166666675,0
1810.0000000009,0
1810.0833333342,0
1810.1666666675,0
1810.2500000009,0
1810.3333333342,0
1810.4166666675,0
1810.5000000009,0
1810.5833333342,0
1810.6666666675,0
1810.7500000009,0
1810.8333333342,0
1810.9166666676,0
1811.0000000009,0
1811.0833333342,0
1811.1666666676,0
1811.2500000009,0
1811.3333333342,0
1811.4166666676,0
1811.5000000009,6.6
1811.5833333342,0
1811.6666666676,2.4
1811.7500000009,6.1
1811.8333333342,0.8
1811.9166666676,1.1
1812.0000000009,11.3
1812.0833333342,1.9
1812.1666666676,0.7
1812.2500000009,0
1812.3333333342,1
1812.4166666676,1.3
1812.5000000009,0.5
1812.5833333342,15.6
1812.6666666676,5.2
1812.7500000009,3.9
1812.8333333342,7.9
1812.9166666676,10.1
1813.0000000009,0
1813.0833333342,10.3
1813.1666666676,1.9
1813.2500000009,16.6
1813.3333333343,5.5
1813.4166666676,11.2
1813.5000000009,18.3
1813.5833333343,8.4
1813.6666666676,15.3
1813.7500000009,27.8
1813.8333333343,16.7
1813.9166666676,14.3
1814.0000000009,22.2
1814.0833333343,12
1814.1666666676,5.7
1814.2500000009,23.8
1814.3333333343,5.8
1814.4166666676,14.9
1814.5000000009,18.5
1814.5833333343,2.3
1814.6666666676,8.1
1814.7500000009,19.3
1814.8333333343,14.5
1814.9166666676,20.1
1815.0000000009,19.2
1815.0833333343,32.2
1815.1666666676,26.2
1815.2500000009,31.6
1815.3333333343,9.8
1815.4166666676,55.9
1815.5000000009,35.5
1815.5833333343,47.2
1815.6666666676,31.5
1815.750000001,33.5
1815.8333333343,37.2
1815.9166666676,65
1816.000000001,26.3
1816.0833333343,68.8
1816.1666666676,73.7
1816.250000001,58.8
1816.3333333343,44.3
1816.4166666676,43.6
1816.500000001,38.8
1816.5833333343,23.2
1816.6666666676,47.8
1816.750000001,56.4
1816.8333333343,38.1
1816.9166666676,29.9
1817.000000001,36.4
1817.0833333343,57.9
1817.1666666676,96.2
1817.250000001,26.4
1817.3333333343,21.2
1817.4166666676,40
1817.500000001,50
1817.5833333343,45
1817.6666666676,36.7
1817.750000001,25.6
1817.8333333343,28.9
1817.9166666676,28.4
1818.000000001,34.9
1818.0833333343,22.4
1818.1666666677,25.4
1818.250000001,34.5
1818.3333333343,53.1
1818.4166666677,36.4
1818.500000001,28
1818.5833333343,31.5
1818.6666666677,26.1
1818.750000001,31.7
1818.8333333343,10.9
1818.9166666677,25.8
1819.000000001,32.5
1819.0833333343,20.7
1819.1666666677,3.7
1819.250000001,20.2
1819.3333333343,19.6
1819.4166666677,35
1819.500000001,31.4
1819.5833333343,26.1
1819.6666666677,14.9
1819.750000001,27.5
1819.8333333343,25.1
1819.9166666677,30.6
1820.000000001,19.2
1820.0833333343,26.6
1820.1666666677,4.5
1820.250000001,19.4
1820.3333333344,29.3
1820.4166666677,10.8
1820.500000001,20.6
1820.5833333344,25.9
1820.6666666677,5.2
1820.750000001,9
1820.8333333344,7.9
1820.9166666677,9.7
1821.000000001,21.5
1821.0833333344,4.3
1821.1666666677,5.7
1821.250000001,9.2
1821.3333333344,1.7
1821.4166666677,1.8
1821.500000001,2.5
1821.5833333344,4.8
1821.6666666677,4.4
1821.750000001,18.8
1821.8333333344,4.4
1821.9166666677,0
1822.000000001,0
1822.0833333344,0.9
1822.1666666677,16.1
1822.250000001,13.5
1822.3333333344,1.5
1822.4166666677,5.6
1822.500000001,7.9
1822.5833333344,2.1
1822.6666666677,0
1822.7500000011,0.4
1822.8333333344,0
1822.9166666677,0
1823.0000000011,0
1823.0833333344,0
1823.1666666677,0.6
1823.2500000011,0
1823.3333333344,0
1823.4166666677,0
1823.5000000011,0.5
1823.5833333344,0
1823.6666666677,0
1823.7500000011,0
1823.8333333344,0
1823.9166666677,20.4
1824.0000000011,21.6
1824.0833333344,10.8
1824.1666666677,0
1824.2500000011,19.4
1824.3333333344,2.8
1824.4166666677,0
1824.5000000011,0
1824.5833333344,1.4
1824.6666666677,20.5
1824.7500000011,25.2
1824.8333333344,0
1824.9166666677,0.8
1825.0000000011,5
1825.0833333344,15.5
1825.1666666678,22.4
1825.2500000011,3.8
1825.3333333344,15.4
1825.4166666678,15.4
1825.5000000011,30.9
1825.5833333344,25.4
1825.6666666678,15.7
1825.7500000011,15.6
1825.8333333344,11.7
1825.9166666678,22
1826.0000000011,17.7
1826.0833333344,18.2
1826.1666666678,36.7
1826.2500000011,24
1826.3333333344,32.4
1826.4166666678,37.1
1826.5000000011,52.5
1826.5833333344,39.6
1826.6666666678,18.9
1826.7500000011,50.6
1826.8333333344,39.5
1826.9166666678,68.1
1827.0000000011,34.6
1827.0833333344,47.4
1827.1666666678,57.8
1827.2500000011,46
1827.3333333344,56.3
1827.4166666678,56.7
1827.5000000011,42.9
1827.5833333345,53.7
1827.6666666678,49.6
1827.7500000011,57.2
1827.8333333345,48.2
1827.9166666678,46.1
1828.0000000011,52.8
1828.0833333345,64.4
1828.1666666678,65
1828.2500000011,61.1
1828.3333333345,89.1
1828.4166666678,98
1828.5000000011,54.3
1828.5833333345,76.4
1828.6666666678,50.4
1828.7500000011,54.7
1828.8333333345,57
1828.9166666678,46.6
1829.0000000011,43
1829.0833333345,49.4
1829.1666666678,72.3
1829.2500000011,95
1829.3333333345,67.5
1829.4166666678,73.9
1829.5000000011,90.8
1829.5833333345,78.3
1829.6666666678,52.8
1829.7500000012,57.2
1829.8333333345,67.6
1829.9166666678,56.5
1830.0000000012,52.2
1830.0833333345,72.1
1830.1666666678,84.6
1830.2500000012,107.1
1830.3333333345,66.3
1830.4166666678,65.1
1830.5000000012,43.9
1830.5833333345,50.7
1830.6666666678,62.1
1830.7500000012,84.4
1830.8333333345,81.2
1830.9166666678,82.1
1831.0000000012,47.5
1831.0833333345,50.1
1831.1666666678,93.4
1831.2500000012,54.6
1831.3333333345,38.1
1831.4166666678,33.4
1831.5000000012,45.2
1831.5833333345,54.9
1831.6666666678,37.9
1831.7500000012,46.2
1831.8333333345,43.5
1831.9166666678,28.9
1832.0000000012,30.9
1832.0833333345,55.5
1832.1666666679,55.1
1832.2500000012,26.9
1832.3333333345,41.3
1832.4166666679,26.7
1832.5000000012,13.9
1832.5833333345,8.9
1832.6666666679,8.2
1832.7500000012,21.1
1832.8333333345,14.3
1832.9166666679,27.5
1833.0000000012,11.3
1833.0833333345,14.9
1833.1666666679,11.8
1833.2500000012,2.8
1833.3333333345,12.9
1833.4166666679,1
1833.5000000012,7
1833.5833333345,5.7
1833.6666666679,11.6
1833.7500000012,7.5
1833.8333333345,5.9
1833.9166666679,9.9
1834.0000000012,4.9
1834.0833333345,18.1
1834.1666666679,3.9
1834.2500000012,1.4
1834.3333333345,8.8
1834.4166666679,7.8
1834.5000000012,8.7
1834.5833333346,4
1834.6666666679,11.5
1834.7500000012,24.8
1834.8333333346,30.5
1834.9166666679,34.5
1835.0000000012,7.5
1835.0833333346,24.5
1835.1666666679,19.7
1835.2500000012,61.5
1835.3333333346,43.6
1835.4166666679,33.2
1835.5000000012,59.8
1835.5833333346,59
1835.6666666679,100.8
1835.7500000012,95.2
1835.8333333346,100
1835.9166666679,77.5
1836.0000000012,88.6
1836.0833333346,107.6
1836.1666666679,98.1
1836.2500000012,142.9
1836.3333333346,111.4
1836.4166666679,124.7
1836.5000000012,116.7
1836.5833333346,107.8
1836.6666666679,95.1
1836.7500000013,137.4
1836.8333333346,120.9
1836.9166666679,206.2
1837.0000000013,188
1837.0833333346,175.6
1837.1666666679,134.6
1837.2500000013,138.2
1837.3333333346,111.3
1837.4166666679,158
1837.5000000013,162.8
1837.5833333346,134
1837.6666666679,96.3
1837.7500000013,123.7
1837.8333333346,107
1837.9166666679,129.8
1838.0000000013,144.9
1838.0833333346,84.8
1838.1666666679,140.8
1838.2500000013,126.6
1838.3333333346,137.6
1838.4166666679,94.5
1838.5000000013,108.2
1838.5833333346,78.8
1838.6666666679,73.6
1838.7500000013,90.8
1838.8333333346,77.4
1838.9166666679,79.8
1839.0000000013,107.6
1839.0833333346,102.5
1839.166666668,77.7
1839.2500000013,61.8
1839.3333333346,53.8
1839.416666668,54.6
1839.5000000013,84.7
1839.5833333346,131.2
1839.666666668,132.7
1839.7500000013,90.8
1839.8333333346,68.8
1839.916666668,63.6
1840.0000000013,81.2
1840.0833333346,87.7
1840.166666668,55.5
1840.2500000013,65.9
1840.3333333346,69.2
1840.416666668,48.5
1840.5000000013,60.7
1840.5833333346,57.8
1840.666666668,74
1840.7500000013,49.8
1840.8333333346,54.3
1840.916666668,53.7
1841.0000000013,24
1841.0833333346,29.9
1841.166666668,29.7
1841.2500000013,42.6
1841.3333333346,67.4
1841.416666668,55.7
1841.5000000013,30.8
1841.5833333347,39.3
1841.666666668,35.1
1841.7500000013,28.5
1841.8333333347,19.8
1841.916666668,38.8
1842.0000000013,20.4
1842.0833333347,22.1
1842.166666668,21.7
1842.2500000013,26.9
1842.3333333347,24.9
1842.416666668,20.5
1842.5000000013,12.6
1842.5833333347,26.5
1842.666666668,18.5
1842.7500000013,38.1
1842.8333333347,40.5
1842.916666668,17.6
1843.0000000013,13.3
1843.0833333347,3.5
1843.166666668,8.3
1843.2500000013,8.8
1843.3333333347,21.1
1843.416666668,10.5
1843.5000000013,9.5
1843.5833333347,11.8
1843.666666668,4.2
1843.7500000013,5.3
1843.8333333347,19.1
1843.916666668,12.7
1844.0000000014,9.4
1844.0833333347,14.7
1844.166666668,13.6
1844.2500000014,20.8
1844.3333333347,12
1844.416666668,3.7
1844.5000000014,21.2
1844.5833333347,23.9
1844.666666668,6.9
1844.7500000014,21.5
1844.8333333347,10.7
1844.916666668,21.6
1845.0000000014,25.7
1845.0833333347,43.6
1845.166666668,43.3
1845.2500000014,56.9
1845.3333333347,47.8
1845.416666668,31.1
1845.5000000014,30.6
1845.5833333347,32.3
1845.666666668,29.6
1845.7500000014,40.7
1845.8333333347,39.4
1845.916666668,59.7
1846.0000000014,38.7
1846.0833333347,51
1846.1666666681,63.9
1846.2500000014,69.2
1846.3333333347,59.9
1846.4166666681,65.1
1846.5000000014,46.5
1846.5833333347,54.8
1846.6666666681,107.1
1846.7500000014,55.9
1846.8333333347,60.4
1846.9166666681,65.5
1847.0000000014,62.6
1847.0833333347,44.9
1847.1666666681,85.7
1847.2500000014,44.7
1847.3333333347,75.4
1847.4166666681,85.3
1847.5000000014,52.2
1847.5833333347,140.6
1847.6666666681,161.2
1847.7500000014,180.4
1847.8333333347,138.9
1847.9166666681,109.6
1848.0000000014,159.1
1848.0833333347,111.8
1848.1666666681,108.9
1848.2500000014,107.1
1848.3333333347,102.2
1848.4166666681,123.8
1848.5000000014,139.2
1848.5833333348,132.5
1848.6666666681,100.3
1848.7500000014,132.4
1848.8333333348,114.6
1848.9166666681,159.9
1849.0000000014,156.7
1849.0833333348,131.7
1849.1666666681,96.5
1849.2500000014,102.5
1849.3333333348,80.6
1849.4166666681,81.2
1849.5000000014,78
1849.5833333348,61.3
1849.6666666681,93.7
1849.7500000014,71.5
1849.8333333348,99.7
1849.9166666681,97
1850.0000000014,78
1850.0833333348,89.4
1850.1666666681,82.6
1850.2500000014,44.1
1850.3333333348,61.6
1850.4166666681,70
1850.5000000014,39.1
1850.5833333348,61.6
1850.6666666681,86.2
1850.7500000014,71
1850.8333333348,54.8
1850.9166666681,60
1851.0000000015,75.5
1851.0833333348,105.4
1851.1666666681,64.6
1851.2500000015,56.5
1851.3333333348,62.6
1851.4166666681,63.2
1851.5000000015,36.1
1851.5833333348,57.4
1851.6666666681,67.9
1851.7500000015,62.5
1851.8333333348,50.9
1851.9166666681,71.4
1852.0000000015,68.4
1852.0833333348,67.5
1852.1666666681,61.2
1852.2500000015,65.4
1852.3333333348,54.9
1852.4166666681,46.9
1852.5000000015,42
1852.5833333348,39.7
1852.6666666681,37.5
1852.7500000015,67.3
1852.8333333348,54.3
1852.9166666681,45.4
1853.0000000015,41.1
1853.0833333348,42.9
1853.1666666681,37.7
1853.2500000015,47.6
1853.3333333348,34.7
1853.4166666682,40
1853.5000000015,45.9
1853.5833333348,50.4
1853.6666666682,33.5
1853.7500000015,42.3
1853.8333333348,28.8
1853.9166666682,23.4
1854.0000000015,15.4
1854.0833333348,20
1854.1666666682,20.7
1854.2500000015,26.4
1854.3333333348,24
1854.4166666682,21.1
1854.5000000015,18.7
1854.5833333348,15.8
1854.6666666682,22.4
1854.7500000015,12.7
1854.8333333348,28.2
1854.9166666682,21.4
1855.0000000015,12.3
1855.0833333348,11.4
1855.1666666682,17.4
1855.2500000015,4.4
1855.3333333348,9.1
1855.4166666682,5.3
1855.5000000015,0.4
1855.5833333349,3.1
1855.6666666682,0
1855.7500000015,9.7
1855.8333333349,4.3
1855.9166666682,3.1
1856.0000000015,0.5
1856.0833333349,4.9
1856.1666666682,0.4
1856.2500000015,6.5
1856.3333333349,0
1856.4166666682,5
1856.5000000015,4.6
1856.5833333349,5.9
1856.6666666682,4.4
1856.7500000015,4.5
1856.8333333349,7.7
1856.9166666682,7.2
1857.0000000015,13.7
1857.0833333349,7.4
1857.1666666682,5.2
1857.2500000015,11.1
1857.3333333349,29.2
1857.4166666682,16
1857.5000000015,22.2
1857.5833333349,16.9
1857.6666666682,42.4
1857.7500000015,40.6
1857.8333333349,31.4
1857.9166666682,37.2
1858.0000000016,39
1858.0833333349,34.9
1858.1666666682,57.5
1858.2500000016,38.3
1858.3333333349,41.4
1858.4166666682,44.5
1858.5000000016,56.7
1858.5833333349,55.3
1858.6666666682,80.1
1858.7500000016,91.2
1858.8333333349,51.9
1858.9166666682,66.9
1859.0000000016,83.7
1859.0833333349,87.6
1859.1666666682,90.3
1859.2500000016,85.7
1859.3333333349,91
1859.4166666682,87.1
1859.5000000016,95.2
1859.5833333349,106.8
1859.6666666682,105.8
1859.7500000016,114.6
1859.8333333349,97.2
1859.9166666682,81
1860.0000000016,81.5
1860.0833333349,88
1860.1666666682,98.9
1860.2500000016,71.4
1860.3333333349,107.1
1860.4166666683,108.6
1860.5000000016,116.7
1860.5833333349,100.3
1860.6666666683,92.2
1860.7500000016,90.1
1860.8333333349,97.9
1860.9166666683,95.6
1861.0000000016,62.3
1861.0833333349,77.8
1861.1666666683,101
1861.2500000016,98.5
1861.3333333349,56.8
1861.4166666683,87.8
1861.5000000016,78
1861.5833333349,82.5
1861.6666666683,79.9
1861.7500000016,67.2
1861.8333333349,53.7
1861.9166666683,80.5
1862.0000000016,63.1
1862.0833333349,64.5
1862.1666666683,43.6
1862.2500000016,53.7
1862.3333333349,64.4
1862.4166666683,84
1862.5000000016,73.4
1862.583333335,62.5
1862.6666666683,66.6
1862.7500000016,42
1862.833333335,50.6
1862.9166666683,40.9
1863.0000000016,48.3
1863.083333335,56.7
1863.1666666683,66.4
1863.2500000016,40.6
1863.333333335,53.8
1863.4166666683,40.8
1863.5000000016,32.7
1863.583333335,48.1
1863.6666666683,22
1863.7500000016,39.9
1863.833333335,37.7
1863.9166666683,41.2
1864.0000000016,57.7
1864.083333335,47.1
1864.1666666683,66.3
1864.2500000016,35.8
1864.333333335,40.6
1864.4166666683,57.8
1864.5000000016,54.7
1864.583333335,54.8
1864.6666666683,28.5
1864.7500000016,33.9
1864.833333335,57.6
1864.9166666683,28.6
1865.0000000017,48.7
1865.083333335,39.3
1865.1666666683,39.5
1865.2500000017,29.4
1865.333333335,34.5
1865.4166666683,33.6
1865.5000000017,26.8
1865.583333335,37.8
1865.6666666683,21.6
1865.7500000017,17.1
1865.833333335,24.6
1865.9166666683,12.8
1866.0000000017,31.6
1866.083333335,38.4
1866.1666666683,24.6
1866.2500000017,17.6
1866.333333335,12.9
1866.4166666683,16.5
1866.5000000017,9.3
1866.583333335,12.7
1866.6666666683,7.3
1866.7500000017,14.1
1866.833333335,9
1866.9166666683,1.5
1867.0000000017,0
1867.083333335,0.7
1867.1666666683,9.2
1867.2500000017,5.1
1867.333333335,2.9
1867.4166666684,1.5
1867.5000000017,5
1867.583333335,4.9
1867.6666666684,9.8
1867.7500000017,13.5
1867.833333335,9.3
1867.9166666684,25.2
1868.0000000017,15.6
1868.083333335,15.8
1868.1666666684,26.5
1868.2500000017,36.6
1868.333333335,26.7
1868.4166666684,31.1
1868.5000000017,28.6
1868.583333335,34.4
1868.6666666684,43.8
1868.7500000017,61.7
1868.833333335,59.1
1868.9166666684,67.6
1869.0000000017,60.9
1869.083333335,59.3
1869.1666666684,52.7
1869.2500000017,41
1869.333333335,104
1869.4166666684,108.4
1869.5000000017,59.2
1869.583333335,79.6
1869.6666666684,80.6
1869.7500000017,59.4
1869.8333333351,77.4
1869.9166666684,104.3
1870.0000000017,77.3
1870.0833333351,114.9
1870.1666666684,159.4
1870.2500000017,160
1870.3333333351,176
1870.4166666684,135.6
1870.5000000017,132.4
1870.5833333351,153.8
1870.6666666684,136
1870.7500000017,146.4
1870.8333333351,147.5
1870.9166666684,130
1871.0000000017,88.3
1871.0833333351,125.3
1871.1666666684,143.2
1871.2500000017,162.4
1871.3333333351,145.5
1871.4166666684,91.7
1871.5000000017,103
1871.5833333351,110
1871.6666666684,80.3
1871.7500000017,89
1871.8333333351,105.4
1871.9166666684,90.3
1872.0000000018,79.5
1872.0833333351,120.1
1872.1666666684,88.4
1872.2500000018,102.1
1872.3333333351,107.6
1872.4166666684,109.9
1872.5000000018,105.5
1872.5833333351,92.9
1872.6666666684,114.6
1872.7500000018,103.5
1872.8333333351,112
1872.9166666684,83.9
1873.0000000018,86.7
1873.0833333351,107
1873.1666666684,98.3
1873.2500000018,76.2
1873.3333333351,47.9
1873.4166666684,44.8
1873.5000000018,66.9
1873.5833333351,68.2
1873.6666666684,47.5
1873.7500000018,47.4
1873.8333333351,55.4
1873.9166666684,49.2
1874.0000000018,60.8
1874.0833333351,64.2
1874.1666666684,46.4
1874.2500000018,32
1874.3333333351,44.6
1874.4166666685,38.2
1874.5000000018,67.8
1874.5833333351,61.3
1874.6666666685,28
1874.7500000018,34.3
1874.8333333351,28.9
1874.9166666685,29.3
1875.0000000018,14.6
1875.0833333351,22.2
1875.1666666685,33.8
1875.2500000018,29.1
1875.3333333351,11.5
1875.4166666685,23.9
1875.5000000018,12.5
1875.5833333351,14.6
1875.6666666685,2.4
1875.7500000018,12.7
1875.8333333351,17.7
1875.9166666685,9.9
1876.0000000018,14.3
1876.0833333351,15
1876.1666666685,31.2
1876.2500000018,2.3
1876.3333333351,5.1
1876.4166666685,1.6
1876.5000000018,15.2
1876.5833333351,8.8
1876.6666666685,9.9
1876.7500000018,14.3
1876.8333333352,9.9
1876.9166666685,8.2
1877.0000000018,24.4
1877.0833333352,8.7
1877.1666666685,11.7
1877.2500000018,15.8
1877.3333333352,21.2
1877.4166666685,13.4
1877.5000000018,5.9
1877.5833333352,6.3
1877.6666666685,16.4
1877.7500000018,6.7
1877.8333333352,14.5
1877.9166666685,2.3
1878.0000000018,3.3
1878.0833333352,6
1878.1666666685,7.8
1878.2500000018,0.1
1878.3333333352,5.8
1878.4166666685,6.4
1878.5000000018,0.1
1878.5833333352,0
1878.6666666685,5.3
1878.7500000018,1.1
1878.8333333352,4.1
1878.9166666685,0.5
1879.0000000018,0.8
1879.0833333352,0.6
1879.1666666685,0
1879.2500000019,6.2
1879.3333333352,2.4
1879.4166666685,4.8
1879.5000000019,7.5
1879.5833333352,10.7
1879.6666666685,6.1
1879.7500000019,12.3
1879.8333333352,12.9
1879.9166666685,7.2
1880.0000000019,24
1880.0833333352,27.5
1880.1666666685,19.5
1880.2500000019,19.3
1880.3333333352,23.5
1880.4166666685,34.1
1880.5000000019,21.9
1880.5833333352,48.1
1880.6666666685,66
1880.7500000019,43
1880.8333333352,30.7
1880.9166666685,29.6
1881.0000000019,36.4
1881.0833333352,53.2
1881.1666666685,51.5
1881.2500000019,51.7
1881.3333333352,43.5
1881.4166666686,60.5
1881.5000000019,76.9
1881.5833333352,58
1881.6666666686,53.2
1881.7500000019,64
1881.8333333352,54.8
1881.9166666686,47.3
1882.0000000019,45
1882.0833333352,69.3
1882.1666666686,67.5
1882.2500000019,95.8
1882.3333333352,64.1
1882.4166666686,45.2
1882.5000000019,45.4
1882.5833333352,40.4
1882.6666666686,57.7
1882.7500000019,59.2
1882.8333333352,84.4
1882.9166666686,41.8
1883.0000000019,60.6
1883.0833333352,46.9
1883.1666666686,42.8
1883.2500000019,82.1
1883.3333333352,32.1
1883.4166666686,76.5
1883.5000000019,80.6
1883.5833333352,46
1883.6666666686,52.6
1883.7500000019,83.8
1883.8333333353,84.5
1883.9166666686,75.9
1884.0000000019,91.5
1884.0833333353,86.9
1884.1666666686,86.8
1884.2500000019,76.1
1884.3333333353,66.5
1884.4166666686,51.2
1884.5000000019,53.1
1884.5833333353,55.8
1884.6666666686,61.9
1884.7500000019,47.8
1884.8333333353,36.6
1884.9166666686,47.2
1885.0000000019,42.8
1885.0833333353,71.8
1885.1666666686,49.8
1885.2500000019,55
1885.3333333353,73
1885.4166666686,83.7
1885.5000000019,66.5
1885.5833333353,50
1885.6666666686,39.6
1885.7500000019,38.7
1885.8333333353,33.3
1885.9166666686,21.7
1886.0000000019,29.9
1886.0833333353,25.9
1886.1666666686,57.3
1886.250000002,43.7
1886.3333333353,30.7
1886.4166666686,27.1
1886.500000002,30.3
1886.5833333353,16.9
1886.6666666686,21.4
1886.750000002,8.6
1886.8333333353,0.3
1886.9166666686,12.4
1887.000000002,10.3
1887.0833333353,13.2
1887.1666666686,4.2
1887.250000002,6.9
1887.3333333353,20
1887.4166666686,15.7
1887.500000002,23.3
1887.5833333353,21.4
1887.6666666686,7.4
1887.750000002,6.6
1887.8333333353,6.9
1887.9166666686,20.7
1888.000000002,12.7
1888.0833333353,7.1
1888.1666666686,7.8
1888.250000002,5.1
1888.3333333353,7
1888.4166666686,7.1
1888.500000002,3.1
1888.5833333353,2.8
1888.6666666687,8.8
1888.750000002,2.1
1888.8333333353,10.7
1888.9166666687,6.7
1889.000000002,0.8
1889.0833333353,8.5
1889.1666666687,7
1889.250000002,4.3
1889.3333333353,2.4
1889.4166666687,6.4
1889.500000002,9.7
1889.5833333353,20.6
1889.6666666687,6.5
1889.750000002,2.1
1889.8333333353,0.2
1889.9166666687,6.7
1890.000000002,5.3
1890.0833333353,0.6
1890.1666666687,5.1
1890.250000002,1.6
1890.3333333353,4.8
1890.4166666687,1.3
1890.500000002,11.6
1890.5833333353,8.5
1890.6666666687,17.2
1890.750000002,11.2
1890.8333333354,9.6
1890.9166666687,7.8
1891.000000002,13.5
1891.0833333354,22.2
1891.1666666687,10.4
1891.250000002,20.5
1891.3333333354,41.1
1891.4166666687,48.3
1891.500000002,58.8
1891.5833333354,33.2
1891.6666666687,53.8
1891.750000002,51.5
1891.8333333354,41.9
1891.9166666687,32.3
1892.000000002,69.1
1892.0833333354,75.6
1892.1666666687,49.9
1892.250000002,69.6
1892.3333333354,79.6
1892.4166666687,76.3
1892.500000002,76.8
1892.5833333354,101.4
1892.6666666687,62.8
1892.750000002,70.5
1892.8333333354,65.4
1892.9166666687,78.6
1893.000000002,75
1893.0833333354,73
1893.1666666687,65.7
1893.2500000021,88.1
1893.3333333354,84.7
1893.4166666687,88.2
1893.5000000021,88.8
1893.5833333354,129.2
1893.6666666687,77.9
1893.7500000021,79.7
1893.8333333354,75.1
1893.9166666687,93.8
1894.0000000021,83.2
1894.0833333354,84.6
1894.1666666687,52.3
1894.2500000021,81.6
1894.3333333354,101.2
1894.4166666687,98.9
1894.5000000021,106
1894.5833333354,70.3
1894.6666666687,65.9
1894.7500000021,75.5
1894.8333333354,56.6
1894.9166666687,60
1895.0000000021,63.3
1895.0833333354,67.2
1895.1666666687,61
1895.2500000021,76.9
1895.3333333354,67.5
1895.4166666687,71.5
1895.5000000021,47.8
1895.5833333354,68.9
1895.6666666688,57.7
1895.7500000021,67.9
1895.8333333354,47.2
1895.9166666688,70.7
1896.0000000021,29
1896.0833333354,57.4
1896.1666666688,52
1896.2500000021,43.8
1896.3333333354,27.7
1896.4166666688,49
1896.5000000021,45
1896.5833333354,27.2
1896.6666666688,61.3
1896.7500000021,28.4
1896.8333333354,38
1896.9166666688,42.6
1897.0000000021,40.6
1897.0833333354,29.4
1897.1666666688,29.1
1897.2500000021,31
1897.3333333354,20
1897.4166666688,11.3
1897.5000000021,27.6
1897.5833333354,21.8
1897.6666666688,48.1
1897.7500000021,14.3
1897.8333333355,8.4
1897.9166666688,33.3
1898.0000000021,30.2
1898.0833333355,36.4
1898.1666666688,38.3
1898.2500000021,14.5
1898.3333333355,25.8
1898.4166666688,22.3
1898.5000000021,9
1898.5833333355,31.4
1898.6666666688,34.8
1898.7500000021,34.4
1898.8333333355,30.9
1898.9166666688,12.6
1899.0000000021,19.5
1899.0833333355,9.2
1899.1666666688,18.1
1899.2500000021,14.2
1899.3333333355,7.7
1899.4166666688,20.5
1899.5000000021,13.5
1899.5833333355,2.9
1899.6666666688,8.4
1899.7500000021,13
1899.8333333355,7.8
1899.9166666688,10.5
1900.0000000021,9.4
1900.0833333355,13.6
1900.1666666688,8.6
1900.2500000022,16
1900.3333333355,15.2
1900.4166666688,12.1
1900.5000000022,8.3
1900.5833333355,4.3
1900.6666666688,8.3
1900.7500000022,12.9
1900.8333333355,4.5
1900.9166666688,0.3
1901.0000000022,0.2
1901.0833333355,2.4
1901.1666666688,4.5
1901.2500000022,0
1901.3333333355,10.2
1901.4166666688,5.8
1901.5000000022,0.7
1901.5833333355,1
1901.6666666688,0.6
1901.7500000022,3.7
1901.8333333355,3.8
1901.9166666688,0
1902.0000000022,5.2
1902.0833333355,0
1902.1666666688,12.4
1902.2500000022,0
1902.3333333355,2.8
1902.4166666688,1.4
1902.5000000022,0.9
1902.5833333355,2.3
1902.6666666689,7.6
1902.7500000022,16.3
1902.8333333355,10.3
1902.9166666689,1.1
1903.0000000022,8.3
1903.0833333355,17
1903.1666666689,13.5
1903.2500000022,26.1
1903.3333333355,14.6
1903.4166666689,16.3
1903.5000000022,27.9
1903.5833333355,28.8
1903.6666666689,11.1
1903.7500000022,38.9
1903.8333333355,44.5
1903.9166666689,45.6
1904.0000000022,31.6
1904.0833333355,24.5
1904.1666666689,37.2
1904.2500000022,43
1904.3333333355,39.5
1904.4166666689,41.9
1904.5000000022,50.6
1904.5833333355,58.2
1904.6666666689,30.1
1904.7500000022,54.2
1904.8333333355,38
1904.9166666689,54.6
1905.0000000022,54.8
1905.0833333356,85.8
1905.1666666689,56.5
1905.2500000022,39.3
1905.3333333356,48
1905.4166666689,49
1905.5000000022,73
1905.5833333356,58.8
1905.6666666689,55
1905.7500000022,78.7
1905.8333333356,107.2
1905.9166666689,55.5
1906.0000000022,45.5
1906.0833333356,31.3
1906.1666666689,64.5
1906.2500000022,55.3
1906.3333333356,57.7
1906.4166666689,63.2
1906.5000000022,103.6
1906.5833333356,47.7
1906.6666666689,56.1
1906.7500000022,17.8
1906.8333333356,38.9
1906.9166666689,64.7
1907.0000000022,76.4
1907.0833333356,108.2
1907.1666666689,60.7
1907.2500000023,52.6
1907.3333333356,42.9
1907.4166666689,40.4
1907.5000000023,49.7
1907.5833333356,54.3
1907.6666666689,85
1907.7500000023,65.4
1907.8333333356,61.5
1907.9166666689,47.3
1908.0000000023,39.2
1908.0833333356,33.9
1908.1666666689,28.7
1908.2500000023,57.6
1908.3333333356,40.8
1908.4166666689,48.1
1908.5000000023,39.5
1908.5833333356,90.5
1908.6666666689,86.9
1908.7500000023,32.3
1908.8333333356,45.5
1908.9166666689,39.5
1909.0000000023,56.7
1909.0833333356,46.6
1909.1666666689,66.3
1909.2500000023,32.3
1909.3333333356,36
1909.4166666689,22.6
1909.5000000023,35.8
1909.5833333356,23.1
1909.666666669,38.8
1909.7500000023,58.4
1909.8333333356,55.8
1909.916666669,54.2
1910.0000000023,26.4
1910.0833333356,31.5
1910.166666669,21.4
1910.2500000023,8.4
1910.3333333356,22.2
1910.416666669,12.3
1910.5000000023,14.1
1910.5833333356,11.5
1910.666666669,26.2
1910.7500000023,38.3
1910.8333333356,4.9
1910.916666669,5.8
1911.0000000023,3.4
1911.0833333356,9
1911.166666669,7.8
1911.2500000023,16.5
1911.3333333356,9
1911.416666669,2.2
1911.5000000023,3.5
1911.5833333356,4
1911.666666669,4
1911.7500000023,2.6
1911.8333333356,4.2
1911.916666669,2.2
1912.0000000023,0.3
1912.0833333357,0
1912.166666669,4.9
1912.2500000023,4.5
1912.3333333357,4.4
1912.416666669,4.1
1912.5000000023,3
1912.5833333357,0.3
1912.666666669,9.5
1912.7500000023,4.6
1912.8333333357,1.1
1912.916666669,6.4
1913.0000000023,2.3
1913.0833333357,2.9
1913.166666669,0.5
1913.2500000023,0.9
1913.3333333357,0
1913.416666669,0
1913.5000000023,1.7
1913.5833333357,0.2
1913.666666669,1.2
1913.7500000023,3.1
1913.8333333357,0.7
1913.916666669,3.8
1914.0000000023,2.8
1914.0833333357,2.6
1914.166666669,3.1
1914.2500000023,17.3
1914.3333333357,5.2
1914.416666669,11.4
1914.5000000024,5.4
1914.5833333357,7.7
1914.666666669,12.7
1914.7500000024,8.2
1914.8333333357,16.4
1914.916666669,22.3
1915.0000000024,23
1915.0833333357,42.3
1915.166666669,38.8
1915.2500000024,41.3
1915.3333333357,33
1915.416666669,68.8
1915.5000000024,71.6
1915.5833333357,69.6
1915.666666669,49.5
1915.7500000024,53.5
1915.8333333357,42.5
1915.916666669,34.5
1916.0000000024,45.3
1916.0833333357,55.4
1916.166666669,67
1916.2500000024,71.8
1916.3333333357,74.5
1916.416666669,67.7
1916.5000000024,53.5
1916.5833333357,35.2
1916.6666666691,45.1
1916.7500000024,50.7
1916.8333333357,65.6
1916.9166666691,53
1917.0000000024,74.7
1917.0833333357,71.9
1917.1666666691,94.8
1917.2500000024,74.7
1917.3333333357,114.1
1917.4166666691,114.9
1917.5000000024,119.8
1917.5833333357,154.5
1917.6666666691,129.4
1917.7500000024,72.2
1917.8333333357,96.4
1917.9166666691,129.3
1918.0000000024,96
1918.0833333357,65.3
1918.1666666691,72.2
1918.2500000024,80.5
1918.3333333357,76.7
1918.4166666691,59.4
1918.5000000024,107.6
1918.5833333357,101.7
1918.6666666691,79.9
1918.7500000024,85
1918.8333333357,83.4
1918.9166666691,59.2
1919.0000000024,48.1
1919.0833333358,79.5
1919.1666666691,66.5
1919.2500000024,51.8
1919.3333333358,88.1
1919.4166666691,111.2
1919.5000000024,64.7
1919.5833333358,69
1919.6666666691,54.7
1919.7500000024,52.8
1919.8333333358,42
1919.9166666691,34.9
1920.0000000024,51.1
1920.0833333358,53.9
1920.1666666691,70.2
1920.2500000024,14.8
1920.3333333358,33.3
1920.4166666691,38.7
1920.5000000024,27.5
1920.5833333358,19.2
1920.6666666691,36.3
1920.7500000024,49.6
1920.8333333358,27.2
1920.9166666691,29.9
1921.0000000024,31.5
1921.0833333358,28.3
1921.1666666691,26.7
1921.2500000024,32.4
1921.3333333358,22.2
1921.4166666691,33.7
1921.5000000025,41.9
1921.5833333358,22.8
1921.6666666691,17.8
1921.7500000025,18.2
1921.8333333358,17.8
1921.9166666691,20.3
1922.0000000025,11.8
1922.0833333358,26.4
1922.1666666691,54.7
1922.2500000025,11
1922.3333333358,8
1922.4166666691,5.8
1922.5000000025,10.9
1922.5833333358,6.5
1922.6666666691,4.7
1922.7500000025,6.2
1922.8333333358,7.4
1922.9166666691,17.5
1923.0000000025,4.5
1923.0833333358,1.5
1923.1666666691,3.3
1923.2500000025,6.1
1923.3333333358,3.2
1923.4166666691,9.1
1923.5000000025,3.5
1923.5833333358,0.5
1923.6666666692,13.2
1923.7500000025,11.6
1923.8333333358,10
1923.9166666692,2.8
1924.0000000025,0.5
1924.0833333358,5.1
1924.1666666692,1.8
1924.2500000025,11.3
1924.3333333358,20.8
1924.4166666692,24
1924.5000000025,28.1
1924.5833333358,19.3
1924.6666666692,25.1
1924.7500000025,25.6
1924.8333333358,22.5
1924.9166666692,16.5
1925.0000000025,5.5
1925.0833333358,23.2
1925.1666666692,18
1925.2500000025,31.7
1925.3333333358,42.8
1925.4166666692,47.5
1925.5000000025,38.5
1925.5833333358,37.9
1925.6666666692,60.2
1925.7500000025,69.2
1925.8333333358,58.6
1925.9166666692,98.6
1926.0000000025,71.8
1926.0833333359,70
1926.1666666692,62.5
1926.2500000025,38.5
1926.3333333359,64.3
1926.4166666692,73.5
1926.5000000025,52.3
1926.5833333359,61.6
1926.6666666692,60.8
1926.7500000025,71.5
1926.8333333359,60.5
1926.9166666692,79.4
1927.0000000025,81.6
1927.0833333359,93
1927.1666666692,69.6
1927.2500000025,93.5
1927.3333333359,79.1
1927.4166666692,59.1
1927.5000000025,54.9
1927.5833333359,53.8
1927.6666666692,68.4
1927.7500000025,63.1
1927.8333333359,67.2
1927.9166666692,45.2
1928.0000000025,83.5
1928.0833333359,73.5
1928.1666666692,85.4
1928.2500000025,80.6
1928.3333333359,76.9
1928.4166666692,91.4
1928.5000000026,98
1928.5833333359,83.8
1928.6666666692,89.7
1928.7500000026,61.4
1928.8333333359,50.3
1928.9166666692,59
1929.0000000026,68.9
1929.0833333359,64.1
1929.1666666692,50.2
1929.2500000026,52.8
1929.3333333359,58.2
1929.4166666692,71.9
1929.5000000026,70.2
1929.5833333359,65.8
1929.6666666692,34.4
1929.7500000026,54
1929.8333333359,81.1
1929.9166666692,108
1930.0000000026,65.3
1930.0833333359,49.2
1930.1666666692,35
1930.2500000026,38.2
1930.3333333359,36.8
1930.4166666692,28.8
1930.5000000026,21.9
1930.5833333359,24.9
1930.6666666692,32.1
1930.7500000026,34.4
1930.8333333359,35.6
1930.9166666693,25.8
1931.0000000026,14.6
1931.0833333359,43.1
1931.1666666693,30
1931.2500000026,31.2
1931.3333333359,24.6
1931.4166666693,15.3
1931.5000000026,17.4
1931.5833333359,13
1931.6666666693,19
1931.7500000026,10
1931.8333333359,18.7
1931.9166666693,17.8
1932.0000000026,12.1
1932.0833333359,10.6
1932.1666666693,11.2
1932.2500000026,11.2
1932.3333333359,17.9
1932.4166666693,22.2
1932.5000000026,9.6
1932.5833333359,6.8
1932.6666666693,4
1932.7500000026,8.9
1932.8333333359,8.2
1932.9166666693,11
1933.0000000026,12.3
1933.083333336,22.2
1933.1666666693,10.1
1933.2500000026,2.9
1933.333333336,3.2
1933.4166666693,5.2
1933.5000000026,2.8
1933.583333336,0.2
1933.6666666693,5.1
1933.7500000026,3
1933.833333336,0.6
1933.9166666693,0.3
1934.0000000026,3.4
1934.083333336,7.8
1934.1666666693,4.3
1934.2500000026,11.3
1934.333333336,19.7
1934.4166666693,6.7
1934.5000000026,9.3
1934.583333336,8.3
1934.6666666693,4
1934.7500000026,5.7
1934.833333336,8.7
1934.9166666693,15.4
1935.0000000026,18.9
1935.083333336,20.5
1935.1666666693,23.1
1935.2500000026,12.2
1935.333333336,27.3
1935.4166666693,45.7
1935.5000000027,33.9
1935.583333336,30.1
1935.6666666693,42.1
1935.7500000027,53.2
1935.833333336,64.2
1935.9166666693,61.5
1936.0000000027,62.8
1936.083333336,74.3
1936.1666666693,77.1
1936.2500000027,74.9
1936.333333336,54.6
1936.4166666693,70
1936.5000000027,52.3
1936.583333336,87
1936.6666666693,76
1936.7500000027,89
1936.833333336,115.4
1936.9166666693,123.4
1937.0000000027,132.5
1937.083333336,128.5
1937.1666666693,83.9
1937.2500000027,109.3
1937.333333336,116.7
1937.4166666693,130.3
1937.5000000027,145.1
1937.583333336,137.7
1937.6666666693,100.7
1937.7500000027,124.9
1937.833333336,74.4
1937.9166666694,88.8
1938.0000000027,98.4
1938.083333336,119.2
1938.1666666694,86.5
1938.2500000027,101
1938.333333336,127.4
1938.4166666694,97.5
1938.5000000027,165.3
1938.583333336,115.7
1938.6666666694,89.6
1938.7500000027,99.1
1938.833333336,122.2
1938.9166666694,92.7
1939.0000000027,80.3
1939.083333336,77.4
1939.1666666694,64.6
1939.2500000027,109.1
1939.333333336,118.3
1939.4166666694,101
1939.5000000027,97.6
1939.583333336,105.8
1939.6666666694,112.6
1939.7500000027,88.1
1939.833333336,68.1
1939.9166666694,42.1
1940.0000000027,50.5
1940.083333336,59.4
1940.1666666694,83.3
1940.2500000027,60.7
1940.3333333361,54.4
1940.4166666694,83.9
1940.5000000027,67.5
1940.5833333361,105.5
1940.6666666694,66.5
1940.7500000027,55
1940.8333333361,58.4
1940.9166666694,68.3
1941.0000000027,45.6
1941.0833333361,44.5
1941.1666666694,46.4
1941.2500000027,32.8
1941.3333333361,29.5
1941.4166666694,59.8
1941.5000000027,66.9
1941.5833333361,60
1941.6666666694,65.9
1941.7500000027,46.3
1941.8333333361,38.3
1941.9166666694,33.7
1942.0000000027,35.6
1942.0833333361,52.8
1942.1666666694,54.2
1942.2500000027,60.7
1942.3333333361,25
1942.4166666694,11.4
1942.5000000028,17.7
1942.5833333361,20.2
1942.6666666694,17.2
1942.7500000028,19.2
1942.8333333361,30.7
1942.9166666694,22.5
1943.0000000028,12.4
1943.0833333361,28.9
1943.1666666694,27.4
1943.2500000028,26.1
1943.3333333361,14.1
1943.4166666694,7.6
1943.5000000028,13.2
1943.5833333361,19.4
1943.6666666694,10
1943.7500000028,7.8
1943.8333333361,10.2
1943.9166666694,18.8
1944.0000000028,3.7
1944.0833333361,0.5
1944.1666666694,11
1944.2500000028,0.3
1944.3333333361,2.5
1944.4166666694,5
1944.5000000028,5
1944.5833333361,16.7
1944.6666666694,14.3
1944.7500000028,16.9
1944.8333333361,10.8
1944.9166666695,28.4
1945.0000000028,18.5
1945.0833333361,12.7
1945.1666666695,21.5
1945.2500000028,32
1945.3333333361,30.6
1945.4166666695,36.2
1945.5000000028,42.6
1945.5833333361,25.9
1945.6666666695,34.9
1945.7500000028,68.8
1945.8333333361,46
1945.9166666695,27.4
1946.0000000028,47.6
1946.0833333361,86.2
1946.1666666695,76.6
1946.2500000028,75.7
1946.3333333361,84.9
1946.4166666695,73.5
1946.5000000028,116.2
1946.5833333361,107.2
1946.6666666695,94.4
1946.7500000028,102.3
1946.8333333361,123.8
1946.9166666695,121.7
1947.0000000028,115.7
1947.0833333361,113.4
1947.1666666695,129.8
1947.2500000028,149.8
1947.3333333362,201.3
1947.4166666695,163.9
1947.5000000028,157.9
1947.5833333362,188.8
1947.6666666695,169.4
1947.7500000028,163.6
1947.8333333362,128
1947.9166666695,116.5
1948.0000000028,108.5
1948.0833333362,86.1
1948.1666666695,94.8
1948.2500000028,189.7
1948.3333333362,174
1948.4166666695,167.8
1948.5000000028,142.2
1948.5833333362,157.9
1948.6666666695,143.3
1948.7500000028,136.3
1948.8333333362,95.8
1948.9166666695,138
1949.0000000028,119.1
1949.0833333362,182.3
1949.1666666695,157.5
1949.2500000028,147
1949.3333333362,106.2
1949.4166666695,121.7
1949.5000000028,125.8
1949.5833333362,123.8
1949.6666666695,145.3
1949.7500000029,131.6
1949.8333333362,143.5
1949.9166666695,117.6
1950.0000000029,101.6
1950.0833333362,94.8
1950.1666666695,109.7
1950.2500000029,113.4
1950.3333333362,106.2
1950.4166666695,83.6
1950.5000000029,91
1950.5833333362,85.2
1950.6666666695,51.3
1950.7500000029,61.4
1950.8333333362,54.8
1950.9166666695,54.1
1951.0000000029,59.9
1951.0833333362,59.9
1951.1666666695,59.9
1951.2500000029,92.9
1951.3333333362,108.5
1951.4166666695,100.6
1951.5000000029,61.5
1951.5833333362,61
1951.6666666695,83.1
1951.7500000029,51.6
1951.8333333362,52.4
1951.9166666696,45.8
1952.0000000029,40.7
1952.0833333362,22.7
1952.1666666696,22
1952.2500000029,29.1
1952.3333333362,23.4
1952.4166666696,36.4
1952.5000000029,39.3
1952.5833333362,54.9
1952.6666666696,28.2
1952.7500000029,23.8
1952.8333333362,22.1
1952.9166666696,34.3
1953.0000000029,26.5
1953.0833333362,3.9
1953.1666666696,10
1953.2500000029,27.8
1953.3333333362,12.5
1953.4166666696,21.8
1953.5000000029,8.6
1953.5833333362,23.5
1953.6666666696,19.3
1953.7500000029,8.2
1953.8333333362,1.6
1953.9166666696,2.5
1954.0000000029,0.2
1954.0833333362,0.5
1954.1666666696,10.9
1954.2500000029,1.8
1954.3333333363,0.8
1954.4166666696,0.2
1954.5000000029,4.8
1954.5833333363,8.4
1954.6666666696,1.5
1954.7500000029,7
1954.8333333363,9.2
1954.9166666696,7.6
1955.0000000029,23.1
1955.0833333363,20.8
1955.1666666696,4.9
1955.2500000029,11.3
1955.3333333363,28.9
1955.4166666696,31.7
1955.5000000029,26.7
1955.5833333363,40.7
1955.6666666696,42.7
1955.7500000029,58.5
1955.8333333363,89.2
1955.9166666696,76.9
1956.0000000029,73.6
1956.0833333363,124
1956.1666666696,118.4
1956.2500000029,110.7
1956.3333333363,136.6
1956.4166666696,116.6
1956.5000000029,129.1
1956.5833333363,169.6
1956.6666666696,173.2
1956.750000003,155.3
1956.8333333363,201.3
1956.9166666696,192.1
1957.000000003,165
1957.0833333363,130.2
1957.1666666696,157.4
1957.250000003,175.2
1957.3333333363,164.6
1957.4166666696,200.7
1957.500000003,187.2
1957.5833333363,158
1957.6666666696,235.8
1957.750000003,253.8
1957.8333333363,210.9
1957.9166666696,239.4
1958.000000003,202.5
1958.0833333363,164.9
1958.1666666696,190.7
1958.250000003,196
1958.3333333363,175.3
1958.4166666696,171.5
1958.500000003,191.4
1958.5833333363,200.2
1958.6666666696,201.2
1958.750000003,181.5
1958.8333333363,152.3
1958.9166666697,187.6
1959.000000003,217.4
1959.0833333363,143.1
1959.1666666697,185.7
1959.250000003,163.3
1959.3333333363,172
1959.4166666697,168.7
1959.500000003,149.6
1959.5833333363,199.6
1959.6666666697,145.2
1959.750000003,111.4
1959.8333333363,124
1959.9166666697,125
1960.000000003,146.3
1960.0833333363,106
1960.1666666697,102.2
1960.250000003,122
1960.3333333363,119.6
1960.4166666697,110.2
1960.500000003,121.7
1960.5833333363,134.1
1960.6666666697,127.2
1960.750000003,82.8
1960.8333333363,89.6
1960.9166666697,85.6
1961.000000003,57.9
1961.0833333363,46.1
1961.1666666697,53
1961.250000003,61.4
1961.3333333364,51
1961.4166666697,77.4
1961.500000003,70.2
1961.5833333364,55.9
1961.6666666697,63.6
1961.750000003,37.7
1961.8333333364,32.6
1961.9166666697,40
1962.000000003,38.7
1962.0833333364,50.3
1962.1666666697,45.6
1962.250000003,46.4
1962.3333333364,43.7
1962.4166666697,42
1962.500000003,21.8
1962.5833333364,21.8
1962.6666666697,51.3
1962.750000003,39.5
1962.8333333364,26.9
1962.9166666697,23.2
1963.000000003,19.8
1963.0833333364,24.4
1963.1666666697,17.1
1963.250000003,29.3
1963.3333333364,43
1963.4166666697,35.9
1963.500000003,19.6
1963.5833333364,33.2
1963.6666666697,38.8
1963.7500000031,35.3
1963.8333333364,23.4
1963.9166666697,14.9
1964.0000000031,15.3
1964.0833333364,17.7
1964.1666666697,16.5
1964.2500000031,8.6
1964.3333333364,9.5
1964.4166666697,9.1
1964.5000000031,3.1
1964.5833333364,9.3
1964.6666666697,4.7
1964.7500000031,6.1
1964.8333333364,7.4
1964.9166666697,15.1
1965.0000000031,17.5
1965.0833333364,14.2
1965.1666666697,11.7
1965.2500000031,6.8
1965.3333333364,24.1
1965.4166666697,15.9
1965.5000000031,11.9
1965.5833333364,8.9
1965.6666666697,16.8
1965.7500000031,20.1
1965.8333333364,15.8
1965.9166666697,17
1966.0000000031,28.2
1966.0833333364,24.4
1966.1666666698,25.3
1966.2500000031,48.7
1966.3333333364,45.3
1966.4166666698,47.7
1966.5000000031,56.7
1966.5833333364,51.2
1966.6666666698,50.2
1966.7500000031,57.2
1966.8333333364,57.2
1966.9166666698,70.4
1967.0000000031,110.9
1967.0833333364,93.6
1967.1666666698,111.8
1967.2500000031,69.5
1967.3333333364,86.5
1967.4166666698,67.3
1967.5000000031,91.5
1967.5833333364,107.2
1967.6666666698,76.8
1967.7500000031,88.2
1967.8333333364,94.3
1967.9166666698,126.4
1968.0000000031,121.8
1968.0833333364,111.9
1968.1666666698,92.2
1968.2500000031,81.2
1968.3333333365,127.2
1968.4166666698,110.3
1968.5000000031,96.1
1968.5833333365,109.3
1968.6666666698,117.2
1968.7500000031,107.7
1968.8333333365,86
1968.9166666698,109.8
1969.0000000031,104.4
1969.0833333365,120.5
1969.1666666698,135.8
1969.2500000031,106.8
1969.3333333365,120
1969.4166666698,106
1969.5000000031,96.8
1969.5833333365,98
1969.6666666698,91.3
1969.7500000031,95.7
1969.8333333365,93.5
1969.9166666698,97.9
1970.0000000031,111.5
1970.0833333365,127.8
1970.1666666698,102.9
1970.2500000031,109.5
1970.3333333365,127.5
1970.4166666698,106.8
1970.5000000031,112.5
1970.5833333365,93
1970.6666666698,99.5
1970.7500000032,86.6
1970.8333333365,95.2
1970.9166666698,83.5
1971.0000000032,91.3
1971.0833333365,79
1971.1666666698,60.7
1971.2500000032,71.8
1971.3333333365,57.5
1971.4166666698,49.8
1971.5000000032,81
1971.5833333365,61.4
1971.6666666698,50.2
1971.7500000032,51.7
1971.8333333365,63.2
1971.9166666698,82.2
1972.0000000032,61.5
1972.0833333365,88.4
1972.1666666698,80.1
1972.2500000032,63.2
1972.3333333365,80.5
1972.4166666698,88
1972.5000000032,76.5
1972.5833333365,76.8
1972.6666666698,64
1972.7500000032,61.3
1972.8333333365,41.6
1972.9166666698,45.3
1973.0000000032,43.4
1973.0833333365,42.9
1973.1666666699,46
1973.2500000032,57.7
1973.3333333365,42.4
1973.4166666699,39.5
1973.5000000032,23.1
1973.5833333365,25.6
1973.6666666699,59.3
1973.7500000032,30.7
1973.8333333365,23.9
1973.9166666699,23.3
1974.0000000032,27.6
1974.0833333365,26
1974.1666666699,21.3
1974.2500000032,40.3
1974.3333333365,39.5
1974.4166666699,36
1974.5000000032,55.8
1974.5833333365,33.6
1974.6666666699,40.2
1974.7500000032,47.1
1974.8333333365,25
1974.9166666699,20.5
1975.0000000032,18.9
1975.0833333365,11.5
1975.1666666699,11.5
1975.2500000032,5.1
1975.3333333365,9
1975.4166666699,11.4
1975.5000000032,28.2
1975.5833333366,39.7
1975.6666666699,13.9
1975.7500000032,9.1
1975.8333333366,19.4
1975.9166666699,7.8
1976.0000000032,8.1
1976.0833333366,4.3
1976.1666666699,21.9
1976.2500000032,18.8
1976.3333333366,12.4
1976.4166666699,12.2
1976.5000000032,1.9
1976.5833333366,16.4
1976.6666666699,13.5
1976.7500000032,20.6
1976.8333333366,5.2
1976.9166666699,15.3
1977.0000000032,16.4
1977.0833333366,23.1
1977.1666666699,8.7
1977.2500000032,12.9
1977.3333333366,18.6
1977.4166666699,38.5
1977.5000000032,21.4
1977.5833333366,30.1
1977.6666666699,44
1977.7500000033,43.8
1977.8333333366,29.1
1977.9166666699,43.2
1978.0000000033,51.9
1978.0833333366,93.6
1978.1666666699,76.5
1978.2500000033,99.7
1978.3333333366,82.7
1978.4166666699,95.1
1978.5000000033,70.4
1978.5833333366,58.1
1978.6666666699,138.2
1978.7500000033,125.1
1978.8333333366,97.9
1978.9166666699,122.7
1979.0000000033,166.6
1979.0833333366,137.5
1979.1666666699,138
1979.2500000033,101.5
1979.3333333366,134.4
1979.4166666699,149.5
1979.5000000033,159.4
1979.5833333366,142.2
1979.6666666699,188.4
1979.7500000033,186.2
1979.8333333366,183.3
1979.9166666699,176.3
1980.0000000033,159.6
1980.0833333366,155
1980.16666667,126.2
1980.2500000033,164.1
1980.3333333366,179.9
1980.41666667,157.3
1980.5000000033,136.3
1980.5833333366,135.4
1980.66666667,155
1980.7500000033,164.7
1980.8333333366,147.9
1980.91666667,174.4
1981.0000000033,114
1981.0833333366,141.3
1981.16666667,135.5
1981.2500000033,156.4
1981.3333333366,127.5
1981.41666667,90
1981.5000000033,143.8
1981.5833333366,158.7
1981.66666667,167.3
1981.7500000033,162.4
1981.8333333366,137.5
1981.91666667,150.1
1982.0000000033,111.2
1982.0833333366,163.6
1982.16666667,153.8
1982.2500000033,122
1982.3333333366,82.2
1982.41666667,110.4
1982.5000000033,106.1
1982.5833333367,107.6
1982.66666667,118.8
1982.7500000033,94.7
1982.8333333367,98.1
1982.91666667,127
1983.0000000033,84.3
1983.0833333367,51
1983.16666667,66.5
1983.2500000033,80.7
1983.3333333367,99.2
1983.41666667,91.1
1983.5000000033,82.2
1983.5833333367,71.8
1983.66666667,50.3
1983.7500000033,55.8
1983.8333333367,33.3
1983.91666667,33.4
